Sl_No,Customer Key,Avg_Credit_Limit,Total_Credit_Cards,Total_visits_bank,Total_visits_online,Total_calls_made
1,87073,102487.14305023613,2.0259614242091053,0.9747299802564416,1.4506665173301725,0.200437751983743
2,38414,49898.38125469875,3.051376702195284,0.09162864428701782,9.831703160524064,9.090216286297963
3,17341,50303.2428864967,6.963331802216797,0.9770765712982035,2.9469675326684537,4.185461306496202
4,40496,30024.93735751355,4.794870129815786,1.15841379947925,1.011002208283156,4.118329021529266
5,47437,98738.33644798258,5.894121632980665,0.048569357916139234,12.202551473013754,2.6536371777679095
6,58634,20897.397883713165,3.0054506301095834,0.0,0.984745861957791,8.16320530134296
7,48370,100723.21716273001,5.014061673038639,0.0,11.027255901676687,2.1444242032165715
8,37376,17844.33482890537,2.8034814173222427,0.0,1.0910479047945034,0.8604842303803459
9,82490,3739.4263721460093,2.064490748889378,0.0,2.183157245568132,1.8377010872232669
10,44770,3866.5219886419272,3.9301348501203615,0.03936664586100392,0.809230283631986,7.037441080000494
11,52741,9123.333731925075,3.8985039192601336,0.0,5.2006273773185105,5.34780108163597
12,52326,10940.650533634089,3.1245086807974074,0.0,1.8904500510241236,7.0876075070701585
13,92503,8943.415463381774,1.1005274789816863,1.8944523254966477,5.088999383290096,8.992649273957792
14,25084,11724.919025723859,0.8497077918048989,0.9057049016672095,5.032928584381759,6.126441480206398
15,68517,9835.934628955838,1.9792825211689544,2.0335718683208457,3.886274552060228,6.192416288083642
16,55196,8513.254910886728,1.8901735513925448,0.0,4.899579254896989,7.109832459091431
17,62617,15761.603908844423,2.2220610728329775,1.0114957918937477,2.165982187149714,4.138047532771378
18,96463,6407.623097637654,2.0378236573641373,0.05384718842359231,2.7994900229289863,3.8697537751536633
19,39137,10105.348367650904,1.98135139092036,1.794160881129559,2.0988424125549185,7.015585700564628
20,14309,18307.70416243925,3.9753727966236316,0.9169388611155191,4.955459968369279,8.155358416319642
21,29794,4113.9711203991665,3.103811732799547,1.9472023091162922,5.057608038706624,4.9949676541021635
22,87241,15516.953021458336,1.896905559144617,0.0,3.174678817851476,6.732324889615417
23,30507,5597.249596357322,4.084792348988752,0.9206259169988796,3.831171970244497,6.131408334846221
24,61061,6915.573801817211,1.0146101907527512,0.9322181506622739,3.1000442584785923,3.85776943037339
25,24001,6949.3538817580475,1.9517765890790544,0.0,1.819603976995621,9.803530161978708
26,68067,17149.882159069937,0.8197205184284723,1.0451024711570809,5.069559362823968,10.270221710905021
27,65034,17450.80993687998,2.7685423117862307,0.07030598026107528,5.135510343139421,8.964397771868681
28,14854,7854.316976933513,2.0295051218330022,2.161035166560101,2.0955913939915605,10.053220008582791
29,81130,5640.336362083327,1.926958395824258,0.0020833807270059157,4.457250494193628,5.852431806664462
30,29112,8871.73688277501,3.9436762553104896,0.04170360139567045,3.907432028962153,7.15350433095221
31,13999,14343.725151857825,2.871875485327639,0.9052275607249568,5.071422755423807,3.803612555490278
32,32550,11057.057577583711,3.006894600594493,1.0056685615708831,4.9433417667357995,6.092259628713767
33,82164,6997.090965183466,0.9581814710568526,0.15664504603126755,5.235631152089352,9.883773032245658
34,61517,16358.301414252637,1.0076706155978956,0.0,4.961079364704052,5.879516040868899
35,28254,6299.23803408493,4.166862098408512,0.9486678975953116,2.953328921480245,9.963454816204223
36,30888,16822.216049587143,1.9907631540814663,0.0,3.8968407395380025,3.890780820475853
37,46388,9950.632113265267,2.956130112052964,1.09551766845824,4.087684530963972,9.920673817863662
38,74126,14818.378906161468,1.8983833440660667,0.0309896128266013,3.875652726538521,6.142226901689371
39,52142,10348.919931230095,4.127957982959088,0.8950147534177554,3.0521458311039433,9.806325698944132
40,37659,9086.578302987878,1.9336470320693375,1.8515956409923728,4.13143641137877,8.875762653955592
41,83132,15723.77859591529,4.142051671009725,2.0363084311296333,5.119062305815478,9.079607557518688
42,20119,7613.008351110389,0.9771657976323009,0.9645284892332631,1.9985803318806123,7.1504921664631205
43,52363,18822.95511160355,4.10120442592858,1.8982992522419955,2.673391754858861,3.8754669449230006
44,50769,21302.861742588528,2.1394418460643365,0.0917263850873908,3.8760617319891333,3.9571381447090084
45,68502,12376.024323671416,3.9917473754159856,1.949015432121222,3.8985792608815952,4.923858396932195
46,99026,17677.86713928708,3.984505077171206,0.9644450406478329,4.030313996722681,8.966440151683067
47,83326,8109.052365823589,0.8550466490079467,1.9523109199963222,2.2978744933460256,4.962322044014372
48,62040,10253.615479498161,1.1577465085394631,1.9283537543422606,1.9423048441472375,5.983508026047306
49,37252,7758.590503722512,3.9978021784070656,0.0,2.296319833245887,8.185908699516773
50,74625,14807.467401559537,2.9806687480709657,1.8826455384086418,2.1760337324238805,5.9165570385602315
51,51182,9475.000693006963,0.7618726431806868,0.16765564029697866,5.003248087041232,8.825909541930095
52,60301,7197.170390999326,1.9818676094518644,1.0092452327062957,4.91404486031553,4.996090193413774
53,96386,17942.599432566745,1.8683535044876767,0.9170813810483239,4.979980190414589,8.103528048400406
54,43886,9233.359503097094,2.9142086445023248,0.049143466250131586,5.02996087922687,9.233039834863671
55,78503,14075.152115206842,1.9542074617774225,0.04758542644134815,4.015070467031466,8.843805609461905
56,68419,3988.52475941574,1.198295296782383,1.9979620028245517,2.0687961199441394,4.22608309263496
57,32828,2447.2588515336893,1.0135539678069028,0.0,1.894474359455674,5.156831796558904
58,17937,3850.9622266072083,1.9602869631772846,0.0,1.9815711784810621,10.336919089107521
59,71632,11023.864776075474,1.0183716393693039,0.0,3.997425003475353,6.951556009168888
60,81566,17268.101927129403,3.7982919136022057,0.9406599832123034,4.250891641382865,9.110350429097858
61,29759,18446.701306108138,4.194477621917697,0.8576705499649802,4.09424633226026,6.781341789252839
62,36929,20294.502795124605,1.1455190454481394,2.07435016543611,1.9250975417085892,9.148301073884113
63,70248,6468.53131560687,0.9387208451665922,0.05467495911215587,1.7811679776059466,3.964796756671801
64,91673,15016.253998623833,2.977491107982035,0.0,4.030552405771877,5.892341644831693
65,61355,8947.723262565065,0.8798512395033986,0.0,5.096706452867423,9.151200432644554
66,60403,15676.569608945161,1.1403618521046275,1.0576214657869385,3.831554921348115,3.9949567012245515
67,85868,19423.55562572234,1.9702098672178652,0.043817973295869915,3.1047349628720284,6.293671098268864
68,76205,4661.965356710389,4.047931656667417,1.9324842438053262,2.263537468522811,5.997749415449336
69,66524,3117.648247285303,0.941796741988111,2.211580036933325,3.9174143364244256,10.008432132628498
70,69214,19252.932034207413,1.0460247486392318,2.039631216527801,2.9050804656234464,7.070397367854965
71,21976,14985.393915271185,1.0050486323257601,1.9870282268331063,3.9749472857026245,6.884987512643877
72,35149,7118.541194928349,3.1484172645153223,2.120106750623517,1.8461552128524943,6.909586335052402
73,27120,8972.799650138017,3.024601862925315,0.9794916521072269,2.045145375784124,6.05138162226572
74,18821,17288.407425993104,2.9445189369254305,1.0908126521752097,3.0457140049274347,6.263518283729239
75,33187,7348.220084375804,2.268570245551072,0.049331696739813316,4.659586677308868,7.883793639592706
76,93482,14535.033703267236,3.008309922767608,1.01573945588557,4.148431053273891,6.087563726118443
77,90168,13909.56203495344,0.9018613195188593,2.048839983912082,4.172117180654582,6.045902841520263
78,71881,12928.020815439908,2.9514862108939894,0.8849368611718833,4.081554319104516,4.264057184801084
79,59656,4630.209380270827,2.1237584773325655,0.0,3.814476526778085,9.865297899291004
80,12026,14202.676605436227,0.9872297000292396,1.146856003870918,2.0298391286903947,6.897854615740286
81,99589,18999.613358721475,2.083116316318026,2.0157365498727935,3.9687605747965087,7.90281555283816
82,38970,10102.976199275328,3.1039574188677608,1.117469977617726,4.973860389847533,4.986396208322843
83,57990,12084.031076261814,0.8597997854602746,0.997578423213247,2.1446619637365663,4.943405728401085
84,39447,12338.63685239828,3.134346214889049,1.0299299631240848,3.866770337573051,5.721088983388608
85,79694,9329.84613850693,3.079464952458006,2.1982910145565335,3.7594940963036905,4.999550301045079
86,79403,13577.914255416465,0.8914056757389037,0.9811264669197352,4.083992178807272,5.170518478384928
87,47296,5144.905222087527,3.98954211239372,0.9287614756234883,3.1076999995452397,6.898354759591606
88,37559,5851.5715881093,4.014448289125004,0.9850794952157054,2.0225904939267143,4.997589559971493
89,38165,10050.628459033474,1.094553225921254,0.9720409372346266,3.9146541768018035,7.895306342107528
90,49198,9191.770411379823,3.905851118345043,2.150726291482114,3.7850095565604818,8.07613299369
91,18007,14507.36324994485,1.824018262932646,1.0865117175639512,4.238041264881994,6.299693933677737
92,59619,10315.414355278624,0.9814094659940117,1.13325903702038,1.8319168656746943,9.960591057540322
93,37016,7599.900717593055,0.9010200891963633,1.0452930028549392,4.139059122881155,6.08131531199434
94,91099,9405.210902984727,0.954204521651779,1.9861039028789573,5.0218660425377,6.8647331801375415
95,74704,23686.685433391074,2.0380928794025577,1.9151526058311064,4.040368136674873,4.2467642403320225
96,25742,6673.626547946062,0.9155623827783466,1.9528750245025452,5.0638345243259595,6.902413712475011
97,11937,14962.290242218949,2.90254869653799,2.10583112172578,2.9002764852351226,5.777510003965238
98,52736,14986.267208841686,2.0732483682575182,0.0,5.2042889412244095,4.085708924145947
99,88338,15148.943085096476,1.12462713874592,1.0585933046489866,3.9301891150455504,9.022638734614555
100,18916,3551.579151434693,2.034276956057383,0.9612923119260284,4.323546640442225,6.010748682814919
101,92501,12264.135626653635,1.0033872394861931,0.02971126047961243,4.940600123520607,6.058302585129715
102,96213,12043.895646200612,0.903345752183999,0.9727286389640974,4.938871174987162,8.896962297594124
103,26599,10431.64487228919,4.04143015713419,0.9925196596432856,4.965108659193011,9.806513843267702
104,73007,9789.832732135563,1.0912438793577501,0.13997306582301305,3.0216536997339354,6.961885395179561
105,97935,14005.798335023657,1.9555339473460305,1.0978397436747256,2.0384886980531536,10.247067802435696
106,26089,13665.25420754389,2.1787462836700895,1.1329388236589368,4.084484091066291,8.85632912514553
107,14946,20380.391668358407,2.068322365659651,1.0093440113591508,4.927087418705671,4.694891696136999
108,74795,9859.025630639877,2.1587455695578006,2.081597712065493,1.8876647769727337,5.825814298421292
109,73435,8208.426824152924,2.946157055923104,2.0036210466335076,1.8706204305629832,6.149725959478727
110,41634,17911.604125441023,3.896980887747286,1.900097633504885,3.080205853893867,7.955542356136033
111,84069,11562.923786933236,3.9494411880992684,1.9929379726966958,2.6611773445008695,4.860112751228346
112,83244,12159.770649896886,2.0808528884049693,0.005012690795958898,4.31988326136468,9.156524400451339
113,87291,19461.80542181585,4.043396527146206,0.9402865434769397,3.127986498652315,9.931518472384294
114,18086,7364.7815946201345,3.7172553043678067,1.0116083690483,2.0272417532192626,3.7389864848225325
115,33369,17691.30105621816,3.870545229652182,0.06518262155364174,2.939843497767046,5.9308497547014545
116,15310,6501.598911241428,1.974754523364619,2.0240890857804232,2.897064531165258,6.740457558964023
117,98499,19416.607658388333,0.9830619243742491,0.0,1.951388530158085,7.078151996208419
118,35256,14397.905913762901,4.238905740658107,0.0,4.1034187937676405,7.04875079492573
119,89007,13522.59848532346,3.2089306396381616,1.072620567276896,3.8362060986427666,5.102417939141868
120,93997,11454.236380528257,3.1211768419733525,0.01963154087733301,3.9384295646496756,8.818947876076018
121,16577,12929.976879924297,4.062883222136543,1.9428773775018053,3.6197982427420587,6.009835440626221
122,25440,12666.604093747606,3.050085607232152,0.0,5.043400991092215,9.771023196772035
123,81116,10243.04167450996,1.9018626102960212,2.0015333267593496,2.1867811669572053,3.9929587423782578
124,63663,19197.324355721714,1.1240809712597608,0.9588246579736315,3.9705867062192963,7.840147174526847
125,69811,7798.563701262651,2.101302974836139,1.9729260749767739,2.95891671589045,7.165542198093174
126,36111,14230.157239839446,1.8142856961028544,0.9682098208182104,5.104680251992804,4.944602496990013
127,39454,19414.327702893348,3.9496080795496735,1.0319021750800497,4.111670788186379,9.295755966129084
128,70199,6977.103249129158,2.765371670744663,1.8625844355159025,2.811290270587282,8.871118183575307
129,11602,7089.910781383259,4.06942613674086,0.997644031351104,4.928703888659219,3.9263097524222688
130,49697,7413.625905274582,3.007947506119414,1.0508952157186726,4.125887445379363,5.876648627817593
131,28701,20841.835907867004,3.0681485770295875,0.9242122555078776,5.008907424798613,5.979410275241671
132,61627,8159.5732041153515,3.079593263984051,0.0,1.90271229144679,4.860051100677206
133,34103,12260.261723683921,3.9600023104597954,0.17477174566787565,2.1453895744745455,6.1212280853665355
134,14248,11954.49147611862,3.018236479192075,0.9176007225027704,5.13713808546077,8.975907979998464
135,31256,14455.421831153066,4.049150763941892,1.0831965729887394,5.060453506060386,7.187560401924859
136,45583,14339.038824969472,3.1569333014109606,1.9763237658970443,3.20828173936369,5.90576037128173
137,52750,13828.351591266515,2.724861191033636,0.0,2.02482061806168,8.011614301842808
138,95507,15280.669105007173,2.0693564715343173,0.05840907932631251,5.024915791380906,8.219566343098112
139,23743,16491.920642575456,1.2005659590320499,0.9789994445793092,4.921021682718337,8.996233695758066
140,53410,20338.710182372346,1.0069212664530582,0.045026134038485204,2.924028080474855,10.044179020975443
141,53898,12708.042721507783,2.983822479665011,0.0,1.8876923048596033,8.20648174803358
142,66200,15719.630709429472,1.9666539231798013,0.0,3.901437122546945,4.968774702242709
143,58389,8150.046377666441,4.043971078950548,0.93448752526872,4.161748742377605,8.123918006974797
144,61347,9699.16601861139,2.179070275913856,0.9353633446741507,4.844671293266519,4.232287474618035
145,59151,11364.233101342632,4.0260896060237465,2.0954684825164533,3.9421189752345507,7.97150159413576
146,37802,15142.400971137715,2.9204028377750126,0.05514590325912218,4.059545081785017,3.905815944810557
147,60475,13930.514769253752,1.988660966453844,1.0997847408794195,2.9161557445017308,9.107285290778577
148,95489,5459.540575227194,1.9656892910823078,2.0439528143618224,4.983556141028284,5.937226624501996
149,77758,6812.857671767281,1.1619623863552295,2.121909127488902,2.1672448643213236,9.623339525811065
150,23768,12313.558979656756,2.0214634896783386,0.9125927649396841,1.9489185723548916,6.951385050719796
151,87471,12145.75928231848,2.997098242645555,1.9441944959729291,1.938172473731461,9.226863655733082
152,85707,19656.97304023229,1.1775629999301997,0.847344941669329,4.047988564945838,4.05107885895441
153,97951,12197.1039416769,3.080035534431356,1.992456960055717,2.087644159362584,6.106197878115013
154,54785,3718.8325323786985,4.134147700425152,0.0,4.094862553930463,6.104398378850794
155,97011,9738.113671165493,3.8069698438315145,2.0269739196621446,2.9357214204354793,10.155058808805451
156,35103,19206.167602433317,1.1234694675632633,0.9625750278997826,3.967540122369268,5.091083301179865
157,18564,15118.466352808322,3.0431846563597196,2.0154795168224475,4.735213139023566,7.005224721356536
158,61009,13633.960634231815,1.0975645374461631,2.136800325165806,4.922271746573058,8.14029214882158
159,24054,10607.263413124507,3.0942046558071,2.0311018315111466,5.031874498198518,8.983464331474405
160,63751,5971.929731265508,0.8773545460446344,2.05209613714774,2.1606903765637373,3.734952456353214
161,52758,6556.8724509683425,1.0294595394565162,0.0525848879363902,3.001061341526456,9.963147223375143
162,78473,6363.714300541813,2.901185787460827,2.092432128887255,5.044030041552255,4.973873313427455
163,80457,8426.201003971926,2.042357434182014,0.0,3.0175026384222177,3.969342962380772
164,59783,13995.257879685776,2.961182729992736,0.08130345658179866,5.063994458040796,9.896337548813785
165,64241,11364.360514602538,4.0940000003429615,0.0,3.8335214036429517,8.208895300936167
166,32374,13853.102272207669,1.1190509036518936,0.0,4.070860319289227,9.207495372718839
167,97536,11872.72899458521,4.125721656870314,0.0,3.931577242523839,6.869117500783575
168,33110,15021.079717044593,4.021731263835069,2.1983382839822676,3.040443548645762,6.176642142048601
169,36978,8542.31397614298,1.0797981110088417,1.0608128824516443,4.244662819039454,8.990775806823619
170,54281,15543.807396686787,3.060303811133201,0.8790313224480495,4.234032945436193,7.065180900015364
171,98602,8605.363758451072,1.976558180388212,0.9365267471947217,2.007911178702071,7.93432678000987
172,97687,9303.522450085537,1.8545307192933196,2.0427007890836366,3.196107817955009,6.852786158864702
173,28842,18261.283635427844,2.042501467396323,0.0,5.217194851251568,5.881331664234365
174,38410,7606.568396146391,1.970601757063498,0.9985241408821106,4.835796562324933,7.978659748772169
175,38261,15981.785471467443,4.0002686138959795,1.0282193718628971,1.8872484298256513,7.024650047004673
176,20524,9833.029452706203,1.038444306074842,0.0,2.338213499735694,4.987749119455387
177,37671,11220.457701226123,2.1656912501226264,2.0767181927691207,1.9006804524076673,5.211723689040538
178,25330,12923.111286965539,2.9942200408693003,0.10766003025848087,3.952358224721335,7.890816945726917
179,41787,6146.605761251347,0.964486175994252,0.841834382822345,3.966549096216639,6.85730081574783
180,11412,19951.23102307964,1.9527635758001447,2.071394202009068,2.8338709784029232,4.210141536901318
181,55892,8009.405648509341,0.9932805410086956,0.0052188615041739725,3.0044054343444744,5.281881986355339
182,95495,12767.356893328091,3.0316318447614274,0.1149185391596691,2.0254199682917458,10.089430329175128
183,41946,11972.651344197471,3.069403578028128,0.06789275026162214,2.9912678119690375,6.967021364069823
184,86410,13607.085353414801,0.9857957594804364,2.038599088080133,5.144650279776346,7.785857779307833
185,76718,13271.537434122134,3.8633911376208703,0.0,1.9455600703450318,3.943693527478904
186,98969,19327.7069672199,3.01366259806747,0.0,4.16880822866076,4.007897935908993
187,77143,9991.75322757804,1.0861428827430861,1.900967240714424,1.944080776601255,5.967718879981895
188,38205,10353.556692792772,2.0447701547894006,1.9246198553516531,3.4981418470980397,7.878815585488327
189,53851,17266.853639292596,2.0405211519850392,0.05279527448703552,3.014755697496119,4.80443967552656
190,52783,5794.568356447581,2.8955663315589146,2.1035554377693724,3.0859404020656176,4.900012839985071
191,63405,19228.206237180915,2.9492481002086692,0.10072439041966536,3.7594739455447574,9.858169121707306
192,48510,11267.620639891402,1.6992124989035726,1.048495997958966,3.122508319427521,6.080870959393913
193,97463,19660.993822976496,2.7418175769981326,0.0,3.297807930801227,4.8839957455781455
194,18145,3992.2407467927897,2.1892183616627605,2.1737002332681206,4.956350132791549,8.030154662594922
195,14398,11884.995146067502,1.951727764874848,0.0,4.378003690342533,3.7871614249498875
196,98288,7510.987764761096,2.008593041435586,1.136359708750229,4.234564809306175,8.082872190015232
197,69704,16012.243337459151,2.06923453526322,0.1308639608609152,1.936637788243776,7.934290275760448
198,29058,15211.084248263183,0.9820902190604353,0.958238693187618,1.986842225024665,7.058426634076317
199,15546,21285.929700480825,0.9760146119102611,1.0095759179688346,4.108115837395929,7.174784027110145
200,16715,5154.236204915525,4.110741302884802,2.0556262105931165,3.595622472205352,8.983131161116795
201,87350,12590.004996060756,2.9108697642266996,0.0,2.147788686768884,9.002345728320353
202,13215,12463.107634670705,1.0240189927525485,0.07208835747234944,3.133294972852228,7.82054486693891
203,20593,4903.034457217481,0.8253827626233552,0.01554476879013286,2.706084389141601,8.120107748065776
204,56624,9783.14647727708,1.8766849887854604,0.0,3.0362576795256895,6.88306684890462
205,33317,19442.661900239706,2.0805157689415834,1.9463027795162824,5.3191671828544225,5.0246492496860204
206,99596,15417.299692519953,0.9821527097561158,0.0702863741535157,5.081837311956973,4.747538021898846
207,72430,17455.88342065131,2.117676127457973,0.8099013766473633,1.8691260525170483,3.9622543234089553
208,16676,18958.127742806286,3.758763422633778,2.0532774892029426,4.192549202713474,3.9572733723409086
209,40486,11466.856213844821,2.1654224100050707,0.0,3.1288787842272536,9.262298082110348
210,90958,6392.777825408619,0.6934872884607783,0.0,2.0718621499706162,9.012912985378545
211,67212,15594.65643017717,4.071388324009578,1.1248447189725836,4.076828167386798,5.879057266124065
212,44226,8514.35676228553,3.049521349700593,0.9710042171619072,4.988349456249993,4.063484354336253
213,94251,5551.714155400784,2.890183031685442,0.9449143346471918,3.0228915887723313,4.041839296616251
214,61776,6930.731838365194,0.9646284027687303,0.038292952475661654,2.1677113138639097,9.973106973274472
215,55275,16570.144525729458,4.177728947137193,0.8422683476329891,4.114784005203752,8.99796381881999
216,18609,6447.418305293946,3.9874524174549513,0.14409259359752974,3.8973329310494305,7.108388164811825
217,54477,9974.253854777038,2.9694865595133484,0.973021948806026,5.078526143286138,4.020890016439983
218,12122,11869.108190207142,3.880919035972634,0.0,1.8032421399977125,4.988177485037794
219,28208,21254.294444611027,3.0642350904760725,1.0126747155449916,5.148954553007867,6.700908548034603
220,68003,11290.542742582267,2.1036433227623177,1.0849595445060007,4.999287707113057,7.96148050792949
221,79632,9101.020512791034,0.933555964415142,0.018084749941088867,2.78116117432624,9.66708743960365
222,73811,10457.642675965477,1.9160157274380765,1.8902150476797868,5.225219874356375,6.027328685049216
223,72892,22042.06592748968,4.019231135401961,0.9285586062102941,2.941676621268243,9.911164227229236
224,51773,17728.00347473942,1.895235199033294,2.082844862959221,4.038834115270864,9.932278774893733
225,96163,11346.16657120075,3.987435558255107,1.0163970773437347,5.301766675556839,9.083977092910711
226,61234,15580.026412274521,3.870401518519096,1.1244640972677256,2.047061959868378,5.045963677122707
227,55849,9447.183450827702,0.9043441835551944,2.0306146493399373,3.9117528978611373,8.000248079029122
228,56156,8005.716908775373,2.1510730903304207,1.9074570107672095,2.8854153706987486,8.026821914347586
229,54838,7974.733896813935,6.910046946060988,2.0766014286559744,0.03289919610298533,0.0
230,35254,7889.036551152539,6.971660231616922,2.029130871693104,1.4873077396380399,4.021522085309968
231,46635,17530.988292705802,3.8453213528332064,5.044280067178467,0.0,2.2235918252589855
232,97825,16357.22030918492,5.940477579883967,2.9944880417921946,2.1428118370726676,2.9226885407251846
233,83125,20899.343004987793,5.180260398470868,3.9922391662447674,0.7590125291842442,0.0
234,35483,13509.176998832216,7.052864189953417,1.9448131988482933,1.0481563049545681,0.08944230124759903
235,15129,16665.753458115123,5.907752969526145,5.0044097992631515,0.0,3.7820219512025526
236,83290,16447.179485588757,7.0181349994932445,4.006678300340151,0.02965352132399204,0.0
237,56486,3957.3473345469297,7.07774012948153,5.123897439355616,1.7951221028095277,3.0336005021223063
238,31903,6979.256082831596,6.056981064143231,4.009016051948349,0.20942971601493024,4.037457646816208
239,45909,17876.499527604672,5.060585462625517,2.0348576888119494,2.0306230255614306,0.0
240,14263,17491.94879367799,5.06213110819311,2.0206948991544778,0.20199902815145235,0.2278623894767975
241,46813,19945.35694822421,4.178279805073173,1.8576254133662524,1.6967842563202398,1.022966509831295
242,81878,12869.016061789163,3.9468749604966864,5.076966092824631,0.8759309108869193,2.8379467636586653
243,35549,10518.340250397865,3.953432737210949,3.2463542272090633,1.9739401634440021,3.9202848527072387
244,85799,9383.85751128395,6.1165854056715485,4.000062131496099,2.2059530330668022,0.8600850283266059
245,39122,4808.671720097411,6.985249468966729,2.9211038478705986,2.2838032668430546,4.129185372706798
246,81531,10158.62459853039,4.082286301935929,1.9291889572365657,0.9382662366632569,0.0451655417469813
247,69965,4571.058669649048,3.997756369306645,4.874849083470779,0.0,0.9601822232940015
248,18595,19458.69396579503,7.27198975982961,3.0684608870813155,0.836210421601137,2.0965457575802278
249,44398,7934.922230832739,6.062335584998354,4.910841600588609,0.9085282637336562,0.0
250,32352,11459.558878913433,6.000921136879806,4.861386122555821,1.9827314232982285,0.0
251,40898,17932.818823430458,6.006734850857332,2.9271081902305705,0.9218722898631843,4.24396824152548
252,27101,15169.273582306007,5.980786753465592,2.1180778547865056,0.9741151969849139,2.358341555322713
253,33457,7955.610409655554,4.037545464939239,4.938264159775367,0.0,4.037488514499835
254,45088,14165.685168060008,5.901563212608671,2.132007153452054,1.2537141889279497,3.664874713579067
255,23302,15383.702192914972,3.861443189074835,3.088345186806428,0.9931001427142726,0.0
256,27408,4258.413068021474,4.950324395776845,5.024991256520286,1.8552163556346253,2.848920072156659
257,65372,12660.533111340972,6.996695202250452,3.023784290004587,0.9305987592045111,4.003336643613307
258,21531,9531.5954528151,6.252743709303776,3.7838970259323483,1.9899505267226738,2.9438159816549336
259,56843,10984.337470346956,6.256182655755866,2.9886379150284683,1.9408942070077133,1.0469242566895993
260,17165,8332.14622554069,3.9126876673882403,4.031212569983455,0.8519004624966546,4.250794772361208
261,89328,15032.102863337203,3.958601298281661,4.928062712509746,1.0778305771104186,0.0
262,20072,21232.771613712193,5.0294302485607645,2.9016515387382165,0.012506299097909469,3.807402157280246
263,71402,15426.485123088007,5.036743750320948,3.9743379361888405,1.8586643824426312,1.0475050767789866
264,47496,14541.90624208316,4.015549586034288,2.1508411839135233,0.07390680750367094,0.0
265,24808,14266.269695248811,4.084878700036438,4.097599596663475,1.0181376830977842,1.9715420981419438
266,17036,10328.330876249309,6.9102026586590455,3.9333185383571956,1.8817736828354967,0.9837077488444327
267,67193,18344.561658948885,6.9390639254901885,5.027223976994275,0.0,0.0
268,34423,15718.887291685076,6.041075106889951,4.087881612055111,0.0,0.7661136731609917
269,97109,12574.547700705847,5.988201124921337,5.056748379251365,0.0,0.0
270,55382,18847.695316614743,5.011172559268445,5.18846891231178,0.8439982091321361,1.885907959035489
271,51811,13428.289399790696,4.009244920576667,5.024810755632782,1.75327451026929,0.8545402089378502
272,53936,6662.382109928966,6.9885525617558475,1.9762431030664993,0.0,3.8242302371315557
273,66504,18172.483069973827,6.025030938944585,2.0128200271304184,1.9618043397004328,4.015912289838886
274,53207,15309.109360970684,6.093772719734507,5.046386813186747,1.9019661013560134,1.3662045985988223
275,18514,8962.456002293293,5.121394916263573,4.9493310078777695,1.2035170727807647,3.237599768277314
276,51319,15590.176830115188,6.2064534271779825,2.171042527494778,1.052466257839884,2.890941598235442
277,36340,15401.898292178448,4.122699964810534,4.987428178859564,2.1706224655502786,0.08416570772957477
278,36934,16825.392775617747,3.9532451329645655,4.991796144537661,0.013183189485842484,3.915575283762263
279,95925,9563.630908744906,7.144716670455167,3.986606876114394,2.292736231525734,3.994018132891046
280,49771,6313.479210579636,5.974672451587319,5.047893942989921,1.983556776419653,1.0535968696442082
281,22919,9677.057513444706,5.884315110777174,3.891860264003649,1.2343538066517619,2.188570280912361
282,21233,14188.680866124587,6.932348084349975,2.099471469530351,0.0,0.02120798242340109
283,74544,4722.615899318262,5.99065134315084,2.8937191976076657,0.9585445935487433,1.0446805309762524
284,52025,8676.194969297652,3.9600041063222085,2.940609095054699,1.1443630514382659,0.4174831002343236
285,45652,12272.613820068324,7.144463457579316,2.057710001428338,0.9734597435080038,1.847197048641656
286,73952,10964.322383779601,4.913683652818054,4.8380529382673725,2.050062448916842,4.001658949091734
287,49418,8297.106080377773,4.0051627540893575,5.15013665699419,0.2274430501103654,0.13150583317685052
288,77026,16946.58521085707,7.009465378862096,1.9463155631438511,0.11020546382548366,1.1205555633219493
289,49331,5853.0260245106565,4.897325166037673,1.9791277073109503,2.231872519981946,3.8812698820708538
290,75775,7874.452391072029,6.1121195628266305,4.897379040922556,2.0990335588142206,2.219298751795381
291,54906,16363.14883320915,5.982832454439048,3.0308677851271932,1.0806322546771365,0.11285782398581438
292,94666,8028.546615197247,6.879823820592254,3.0111760539782395,1.9360181833749623,2.088413392161923
293,11698,19895.16844518091,4.0046153466026375,3.1232246348918045,0.10345931304201243,4.100678302563714
294,34677,6389.919972703806,5.124011457662923,1.9548837334724953,0.9514890464820025,0.12488186605123822
295,95610,3540.1731522072896,5.857772899417014,5.121674399937184,2.3331962623751417,2.835664936391176
296,41380,9296.996532000667,5.898883790508843,3.9539988426418744,2.3544380628538435,3.213815562737336
297,38033,12589.149624608512,3.9477166545983207,4.14024898408061,0.0483006374601719,1.8785414900533608
298,85337,5770.849011640244,7.023477164736814,3.9648946080406877,0.197579139144607,0.0
299,38994,9957.352358877712,6.018342888164129,4.802703322430995,0.16063818084780598,2.2557897717347877
300,67911,10190.790403544652,6.038951044541177,4.980648842922525,1.904382786659904,3.1207166266074706
301,92956,15780.485844320066,6.030927022790157,5.224663516705246,0.0,0.0
302,77641,4769.32431749426,5.915171469767793,3.9500366230771085,1.819211133407425,4.139586277339801
303,57565,15495.213534609102,3.9663476740383268,2.0467403067825667,2.0208662546245364,1.890807364676293
304,53814,11391.547541470152,4.1248536597186956,4.930828514719411,2.278360999872848,1.9346330348592207
305,30712,17539.03248507763,4.000457867343022,3.928560831095714,2.1593982912766023,4.201573088789613
306,19785,17795.45987821952,5.828925078039429,4.997253376174362,1.2067733484133374,4.295067318661557
307,31384,19725.143304324836,5.928490493372171,2.9016677362599794,0.0,0.0
308,16374,8200.966922538319,5.077423066369956,2.9683013861369423,1.9700422951728405,1.0429936608686323
309,50878,8632.985532723087,3.8564839494424623,4.812351634280536,0.18811305641392329,3.2038396332281
310,78002,12737.249826561343,6.037917013108034,4.969627662819884,2.1566003955842987,2.9544635473062364
311,83459,4389.60993487931,3.958842417177932,4.925284310853195,0.11626695829996693,1.072904695689077
312,91987,10797.277196612515,6.031905805258449,2.8763965141592016,0.0,0.027348478943848935
313,51552,5192.291909368976,6.992789454464715,3.0062478870985925,0.9572884040138882,4.041604049713194
314,72156,9434.398541862882,3.833465558366357,1.997570906050437,1.6459363634190525,4.033241346442352
315,24998,12661.299174757907,6.981746826711186,3.029581658898864,0.9089606838671705,1.8938257700884744
316,45673,20412.67941202657,4.017464557445136,2.9412473168520545,0.8079730822917363,3.186399098512193
317,11596,17979.258247442664,5.924228122605635,4.037063223479595,0.0,2.0335277003221743
318,87485,4187.897210512933,5.0967245394223415,5.034763455710411,0.09539195379872782,3.933063261671527
319,28414,14665.451292353118,6.365548251943272,3.8949196202572587,0.2538561480868491,2.906055353501069
320,81863,8288.37578641837,6.10269056513008,1.8511377575673633,0.0,3.1368493415654637
321,33240,11341.803791713253,5.984016380417377,5.005431852920047,2.0330495083383857,0.905665635515599
322,11466,5595.684801956159,6.990863295227696,4.9762648757943095,0.0,0.10768363951335354
323,23881,7795.728604281163,5.9365404091878835,2.9497066806451295,1.2801241583454763,1.9481231250168503
324,44645,5241.57906826707,4.000388763671895,1.8764382715335668,1.9693758827380246,2.110602377654088
325,49844,7731.503018167881,4.0474733305459045,4.974788324375146,0.08194156851759854,4.042062694908644
326,92782,11602.472555244247,4.030502289572592,3.9318121243835082,1.9223395343381988,3.090794629186946
327,22824,8050.986318155356,3.989943968467992,4.038938748252113,2.0758278994501747,2.7779147766249714
328,26767,12411.278767017635,5.11337953320431,4.9862278814749255,0.9092763964881785,0.9556502698330847
329,26678,14363.08787735331,3.865295463437164,3.956713994953594,1.902833538548195,1.056790551383106
330,50412,10062.16404866875,6.992016261227659,4.025948719184182,2.159049446271136,3.93528038240036
331,17933,15932.339373554252,5.704841269934606,3.1151684883508293,1.0445756044048127,2.0945961013586047
332,34495,20193.735674336247,5.936671917126444,5.005538141479162,2.17909082612948,0.3552830750647762
333,47437,16689.389264706482,6.952345392184929,3.074412081403576,0.7449912708346998,0.2982034032543503
334,22610,14429.25150519248,4.895194730018296,3.9807581993002934,1.9612456184055238,2.0088747196533565
335,41159,7285.949398532064,7.0695467344749865,3.97456984987207,2.0330355988566495,0.0
336,64672,22653.002676746517,5.871301417883789,4.9009166789263485,1.9248831455143363,0.04914092531826272
337,62483,10240.830046112138,4.1127227607939725,4.110164306088408,2.0781221302720003,1.1052499867860985
338,85614,9749.015771145685,7.092451519817898,1.9869486546677408,0.19845657575304676,3.9353605284182813
339,96548,20301.088836944044,6.1973138249348345,1.8603089383594331,0.013043053534424554,0.994153306328335
340,19137,11537.984466464635,6.036818590724412,3.0681962315437707,0.8024145967632208,0.9522179970317933
341,69028,6589.9154499515225,6.236106136324433,3.014870661491118,0.9692091104872522,1.2371695336733264
342,70779,17881.18907792037,4.048331313488928,3.017610781572475,1.7597852493217156,0.0
343,38244,2639.168687732322,6.042584544832178,4.073678753879752,1.6882967757503422,3.222321215069716
344,67046,8244.868163466,4.959662059540841,2.9621382202346784,1.6486602026555364,3.9351570017740674
345,64897,19851.317728380804,5.03310076572619,1.9386898650918472,1.7172713765717775,0.9682188110184142
346,46223,13403.82155925336,7.116139597032643,4.041807547815283,1.891980089646857,0.9138232012718079
347,36628,16087.610922394622,5.886604416916233,2.9574709090120117,0.12592768090963735,1.0997102352757446
348,17565,5889.0214464371065,5.9427171926486935,2.0484031070947077,0.0,2.982158095605025
349,77381,17254.226987555856,4.067122531506774,4.117004091874182,1.9976048991062596,2.8909219310019285
350,11799,10327.424181792849,7.048939875574075,3.04678940653035,2.165191797808575,3.049610439104697
351,81940,10645.411818833807,4.9689001453552,2.0085937153481095,0.0,1.8087259005765342
352,66706,11167.094818307145,7.02888848924251,2.0820568018903334,0.09143225733479307,0.9821833026344919
353,87838,16082.50756378551,5.1653504633167335,2.2434908275015286,0.002507582800757545,0.04110462954200147
354,94437,8140.699013802027,4.80201901490065,3.9688608752366448,0.9425869241026115,3.1925780385323557
355,33790,11680.920920235527,6.985502779631842,3.969392808742586,0.2912747377820637,1.9683405066681559
356,44402,9648.513977897017,4.941141957653703,5.077714556719576,0.928273917111832,3.93307808966807
357,29886,17494.716040365045,6.054268306517521,5.121935011974959,1.1865691061546686,0.9971510275428415
358,66804,9481.945432651912,3.7615697651151203,4.106479172711526,1.9496241171897777,2.0959948286679397
359,47866,8195.997692135175,5.044418680381911,1.8563800098133987,1.9698831554245495,0.008160073366719658
360,61996,2994.288683911056,3.8570477611806226,1.9913931835728176,0.07239590817318753,2.162461766702831
361,15318,15371.196211562103,6.147610676038176,2.929412212915815,0.0,0.8645542113853356
362,89635,21644.156854460507,6.142201229822428,2.860345294640845,0.856493160042261,3.994757630676445
363,71681,21928.835448223304,4.836611117257218,5.0407637937258425,1.9337106690866572,0.9710053411076993
364,71862,7971.4258483017475,5.242786750633393,2.0280041667755393,0.02992968302262287,0.8663964764506757
365,96186,14618.135322411985,6.077231741784791,3.8142837352229737,1.8072659757644765,3.1045148498615407
366,22348,11498.721772284927,6.952324322084272,5.133119924638241,0.0,1.9938462778622863
367,36243,19054.305144700476,7.18441887662362,5.0513956158125914,0.07977687946689575,3.1240718890461583
368,88807,8984.273842567569,3.9832963568225748,2.9096115410646624,2.0563027799644535,1.0030120302005687
369,82376,20901.367123147855,4.051624355177929,2.9994225688863967,0.0,2.739929408137116
370,98126,17663.649258565616,5.911764485535514,3.9013102631056533,1.088941962377543,3.2335574082936054
371,80347,13874.367436603212,4.993822886166521,2.981162219064493,1.847835093665714,2.987154993989081
372,17649,3962.369651368734,4.9522811318874,2.0950318136346477,2.200464470792396,0.9132919940261428
373,62807,16984.6353352095,6.015165848395803,5.014181059207839,0.7698632285635337,0.8625363888381535
374,92522,5997.628028741526,3.9353637379385282,5.0471436538729995,0.0,1.1466079547898491
375,57459,18267.060195121456,6.134803136887108,4.991517577677342,0.4702201644105652,3.8891017477238794
376,44579,18839.764390714696,5.9377900487218325,3.003798630130955,1.0239072871392496,3.2370800539035787
377,45476,9718.906816762166,4.7697090571833405,3.829750724375714,0.8592547149290454,2.137600306032198
378,61994,19466.951821406434,4.93713997909774,2.037658326107385,0.07694025054268307,3.8748388798421702
379,11398,14848.08835650195,6.1401514707516505,5.0535862326259,1.9926261962057115,0.7837230357642866
380,24702,6366.288355469161,7.012388266596758,1.978660337253438,0.0,3.0858733073542264
381,27824,13388.746981402388,7.110732385067021,1.9835586214216172,0.24460745660163472,4.044356626599902
382,45878,19235.17264422132,4.004214020971207,2.1928265802843163,0.0,0.9626011895120513
383,72431,4265.940062246016,6.053488736850489,3.107882650680922,1.6388559504308353,3.0456011794888638
384,19215,17642.531108367133,5.0017659851842105,3.0546168622600356,1.1199676093205375,3.0708699252067926
385,23409,3973.543374425897,4.147583218191186,3.9888474369223137,0.0,0.0033043911764370987
386,16418,9732.495204263701,7.036521999422797,3.9087105299251164,1.821914709533054,0.37660015128551555
387,85122,20437.444718027873,5.043060214261622,2.085255055335747,1.7420051052859167,2.1036621497380743
388,55060,11253.953526923488,6.927804587378321,3.013826551467697,0.03726239189769045,2.6039785333329197
389,55478,11570.785205474118,5.209996443958882,4.012209168216873,2.1878427202306856,0.9957569166986262
390,65574,12218.248609382,3.9429459181757576,5.062963300978786,0.0,3.050413935748303
391,31113,9442.869745958806,4.156482184447244,2.1087745463070307,0.13158810142691205,4.178592632946264
392,96929,12509.520032274639,3.949391483815357,5.068520794777633,0.0,0.0
393,78912,6177.415279384965,4.163756071990172,3.992123178513121,0.0,0.0
394,68439,22599.234660656803,4.22252036130734,1.8907574023675322,0.0,0.9999804670098383
395,62864,12590.066293601132,6.922525169177899,4.038128668089507,0.0,0.8888057286886016
396,31515,4561.1547216616855,4.077668315701285,4.953886843799039,0.02177084927307231,0.8842381297794696
397,77954,71149.90820171867,5.835856792351205,3.968117238380044,1.9192840830628393,0.0
398,88207,52645.07447780068,4.922690993213244,2.900906660727145,1.82202755479752,0.0
399,96929,69345.73988225177,6.19551469644378,2.0219016310264712,2.0172616430620423,2.0425427908014644
400,78618,62237.05265535454,7.092162717378048,2.977808067353778,0.05323981142180398,1.0937140788121391
401,31551,71993.84327938617,7.053967059799401,3.06024318936705,2.137924015714015,4.004228416149171
402,75792,48004.17398769763,3.988944491375545,3.922150198925445,0.0,3.0726814656878427
403,29864,58028.1363630419,4.003230960935484,1.9658353009118044,0.049865635500902984,1.6427992888445444
404,45440,70389.51650562644,3.9910245736371794,3.0150891069745698,2.260812938732007,1.1589717081574056
405,97954,70000.86415348982,7.021447512207402,1.9933875676127832,0.0,4.093635654879046
406,90189,48121.11964450991,6.892719604140754,2.9961416708183357,0.10015070218525401,4.193573461926019
407,55090,72990.96777509995,5.9132100314514435,1.936033814662781,0.12693695339756533,2.141035579916022
408,17703,54535.48484044072,5.0755004444117,3.9590729613430895,0.0,0.9101931668643095
409,33991,51888.350004484215,5.0130817378153605,3.009612365613781,0.0,1.0380510593583188
410,88884,67692.64419987168,6.937136223744138,1.9819071643196657,1.885734997111884,1.9407851846460389
411,45808,40025.071326733836,5.125978946450244,2.075152972363562,2.108720082462968,1.8324335239123817
412,50706,45289.06019909468,4.134884324718864,5.001229091833605,0.014777316359951985,2.025832983543383
413,92140,30855.64255144143,5.8236555225005,5.187332199121906,2.0546671072551805,1.0743518730762052
414,88123,36219.191372765155,7.071242750624028,4.937742721766361,0.03477397394599488,0.9136926789737735
415,53932,65536.76968313572,4.121238159108257,2.9446999570951866,0.1659036500887263,2.793526082967515
416,65908,48688.079774483755,6.856065013789907,2.9859618582911747,1.796982924253736,3.0718704535272527
417,25321,44798.381205637175,5.0929801654684,1.9262793096206448,2.291667050803963,3.084282404791432
418,87456,60918.80326374018,4.892126144838243,4.963181140910827,1.108979460497369,3.955088277235746
419,48602,72508.56674688545,4.838573205419696,2.01655100802854,0.0,0.10763417292475921
420,97530,60090.85165882814,6.05282276554419,3.928116729734607,0.0,1.0713811915862912
421,48657,35280.33731018198,5.062762560483183,3.0569809058754416,2.170539414714694,1.9546097511961638
422,76209,71222.01501354246,5.022103999244687,4.923375201683026,0.0,3.763949381765797
423,49913,53174.11259749677,5.932890905362989,2.9466177927111605,1.2047755627348797,0.1994940248894809
424,53002,52950.47107949173,5.151891367917305,3.064576417933732,0.0,2.894582293652345
425,61122,32153.09885893118,4.907938444067627,4.146510713608323,2.040817930883352,0.0
426,82807,49377.662838742894,5.886942334311131,1.870021849820376,0.0,4.126996743873648
427,93496,74318.15215502895,7.227397662622016,2.112841308895579,0.01887167592960089,2.157977083096466
428,64519,46901.73822056964,6.813494384044825,4.944627948203218,2.1272417101877266,1.9092640205424025
429,31950,55711.85998570565,4.189690152195086,3.878153348832662,0.3375302004767378,2.763742338127917
430,23110,37967.03642017431,3.9771316858176062,4.059345562200404,1.0576981674672223,0.03446450611255954
431,96297,70750.77950136535,6.172869138859235,3.9869988133398766,0.0,0.0
432,28408,77476.60168555187,6.220527356403973,4.9945363292101375,2.0367095877848356,2.8291759124712788
433,37252,58294.26345492285,5.928974071148328,1.9833641223646392,1.0569513955684318,1.7549019421637209
434,41287,64041.97797302397,5.831587142323854,3.0474272352574787,2.173046991944906,3.044545302234379
435,52460,45326.98508798396,4.0034392171176805,2.005999312264809,1.2166420859243514,2.0019100564195553
436,26604,75078.54770133006,4.235288650622238,5.007978682046574,0.0,3.2436332288711
437,58019,74194.84122104394,3.9109161512246553,1.9959667448732852,0.9405695177241401,1.2013787309005735
438,87219,55786.78901468845,6.041419666628686,3.0171592716275946,0.035208799459955475,2.2210087599359634
439,36839,32846.52464392494,6.928822864589071,1.9795224103511146,0.8849665317401478,4.0108204013532704
440,12663,67475.68949784241,6.947106538082377,3.948589302631314,0.03668004731758186,2.8257515112292744
441,48667,52774.13398931541,5.097163596174277,3.1168338432338833,0.0,2.9119227615105987
442,42887,30507.585434578177,6.140120441915719,2.062935447529248,1.0458572593855215,3.2149482612188405
443,14439,49692.18771886243,4.002527853004935,3.031959632712045,0.03477126149784676,2.863258012029891
444,60851,63946.148521515956,6.044029623039159,5.0150806067132425,2.135716581878306,3.164349804879992
445,41266,64242.69304261245,5.960153163877767,5.00670957927325,2.0264853607303674,0.24140371027056692
446,37438,43375.20557904816,6.887686897453828,5.038616710213242,0.23381251067002123,3.880890476065954
447,65747,72814.58440288922,4.807220218698364,4.176626699875974,0.015265550482195463,2.022059911566191
448,81166,60654.091219623384,4.935730274594503,1.8422055685140404,1.7881252625973851,1.1066095126383715
449,20570,27840.649627230727,4.098267519862887,4.058622505384192,2.0718950900063247,1.0464768745669943
450,14816,35102.33365837114,3.915929919112043,2.972057349971097,2.114381880167747,3.2192337493926075
451,11265,54615.4847638484,6.7863786478373544,3.052430215935987,1.9584286376034044,0.0
452,24980,32437.830018853983,3.9728230580914583,3.9827073917881464,2.2113634237539177,2.178980776534196
453,37934,53906.88257480073,4.677580722549502,4.039963973553079,1.9093512977103686,2.854128449832832
454,70707,72169.22861160734,4.10280408907556,3.823594474574874,0.0,2.9814380496321125
455,84351,25893.975231023793,4.072177270038695,2.9335450421713793,0.0,2.0042984757292563
456,89446,48290.87218450143,6.0501884663034735,1.9512619438354175,0.12401203311830389,3.8457037765636484
457,17325,38937.80869809176,6.000661596816634,4.963836019616703,1.925176823031462,3.114148641319032
458,64774,56266.68285815322,5.088259876859303,1.997821397353332,0.005218037670087333,4.0566593349932525
459,53166,67764.8895855774,7.101489947526487,2.067973636104842,0.9607332970002002,2.9364058906092714
460,45341,74920.86326308112,7.046735536041664,3.960088522800509,1.6320307873687998,3.9035709062159407
461,94595,24854.024904459835,6.151802992640685,4.088010706586589,1.9683956917584386,3.002030205362153
462,55170,38630.421395600766,3.966304528787958,4.030151726404063,1.7703325816226578,2.7407249174615105
463,92489,74535.03271796976,4.040526838534885,3.924553255419547,0.2505077029880132,0.8546208110817483
464,92933,37529.97388408921,4.000263089808987,5.065128689238311,0.8884690232670237,3.8302314044194086
465,36504,50260.02035893858,3.957691985584096,1.8991141017071345,1.1397435111457126,1.9382545399499511
466,40508,47102.83100474565,4.845698758539907,5.134219467494062,0.0,2.133170033474834
467,15798,69614.80704299008,6.113641603666876,2.030798302378143,0.0,2.8139148549246618
468,70101,35631.78842389068,3.9169509369901228,3.9862627034966467,1.7280117374003134,1.252036075505212
469,77613,36764.055025233545,5.022146260527434,5.071170709110619,0.26286101968101416,4.011949458803272
470,84360,65295.28421904548,5.9431920928706,1.9847222924794248,0.7168614007654319,1.1525604834696686
471,48402,39474.62143571843,5.111451622423802,4.876653353110447,1.0369347048524484,3.944167947041042
472,46776,45286.03556656146,5.995796366448192,2.9840605126047546,2.0555254666409666,2.105424606597177
473,67258,33654.69889618203,6.174389321975197,3.0605121622394598,1.1453617023366305,3.9015414112330493
474,44804,24300.10691239791,5.745985717660262,3.021982774001134,0.8764943403698284,2.069984875644303
475,29919,37790.37600787994,3.9762601176719317,2.9771143847114123,1.0506272884578607,3.8336578453707
476,65781,46342.59304436008,5.141378230601462,5.067223192355353,2.0650334388552958,2.014085632577507
477,12456,71924.59867383925,5.965230443590746,4.8066277900930015,0.11777644300829426,4.1484154871882195
478,62649,52375.36142161147,7.072854191120301,5.030924882375036,2.1120440967813914,4.024569596511722
479,74446,31092.276953020086,6.0063161737150965,3.0479093744394286,1.9491899001160204,0.930004000764391
480,36632,47217.497753300995,6.971704922142606,3.0304340534909366,1.8761459020850086,2.1322381490077515
481,76024,47135.478592948624,5.872882548557634,2.057915381478243,0.15216865959497008,0.13349149436368624
482,75065,27633.48996347447,7.018368688989375,3.0552095750588846,1.0652211923373407,0.0
483,51682,71247.27089711727,4.010578456836969,2.025635129679543,0.09305525440495406,3.9403398193757084
484,18397,29910.34721373333,4.950609004032331,4.0379057779898115,1.060658665770081,1.0989385584894462
485,29102,25191.31620409764,4.7869305873214,4.018747688087897,1.1316570401086914,0.912012135328703
486,56367,60051.77631675382,7.109293508350453,3.0748512991612515,1.8709562784478495,1.0807757609380517
487,95147,63649.009328800865,4.157303350764148,2.102874969285455,2.0762384246909904,1.837146574723292
488,44379,36481.59566475899,7.204056249678784,5.035289867264363,2.1833970338424282,0.9828999666785432
489,76957,40588.07822851393,6.216336697609913,3.8985953164412916,0.3306086319342783,2.147782662217422
490,42921,51524.215025239966,6.984613269968514,5.1077085151212405,1.9941382494706394,0.9761958013425788
491,23102,65823.11576020524,3.8734668603323605,1.876499968986619,0.0,0.16343988859115555
492,61324,62054.16234817033,4.105487309120959,5.01915433438641,0.057883616745937866,0.0
493,49690,46521.7015179146,5.787155311348314,4.013738930170134,1.93349362486093,0.0
494,20043,36206.82458671035,6.135508832616744,1.9019719582034906,1.2655988752623941,3.9495919905571726
495,44144,27325.481081002392,3.9347931898626602,2.9556697666079774,0.0,0.7897459692549197
496,53552,60035.05613746696,6.941738067046941,3.0714846507022084,0.16812424003806245,3.1485313164718645
497,62530,49996.49888343032,5.094224885699035,2.885423636483083,2.091961507399636,3.137392158466583
498,41741,54643.70266692005,3.8986513819480764,1.9731700444180602,0.7845797080921333,2.003874440377284
499,22842,30524.733720373362,4.10117861072447,4.0513837548642755,1.0193155166655887,0.19642470460157344
500,65825,66792.68358813696,5.932320177789369,4.127733543909733,2.1589494107860183,2.1349478351987057
501,77826,41220.00695560699,4.951889532779319,3.983988624182173,0.0369969953323147,3.871270157483987
502,61216,35076.80008074939,6.070255778918956,2.984382886204511,0.8091135583527658,0.0
503,83192,52173.88616545744,5.968297808962752,2.030646863841956,2.067315098117843,3.89912745306122
504,82023,69471.62847628152,5.884205225576098,2.9767345414417794,0.002490624150855952,0.0
505,73000,35397.429715223734,6.140302341573648,5.073263870872867,1.0773349838581303,0.02692866010078461
506,64550,66778.04239562478,4.889043623335889,2.0415980599616486,0.2541300070734124,1.9012078129286771
507,90131,23685.434175011982,5.920760862807697,4.980693999627163,1.6927187814394105,2.8595700097645356
508,17382,44389.02620228852,6.0025026911528805,2.9915985555392584,1.9521094622653248,0.013901302616027575
509,27117,61663.923797486765,6.948264886639054,1.9498394460635278,0.0,2.886612944753255
510,94529,29541.081670054453,4.096146804527321,4.0684330883481294,1.9129684895215342,1.0571996025778314
511,21717,32086.73475104464,5.937208482518248,2.1502638025354512,2.0325333173332765,2.074738104101306
512,81910,50206.40261526658,6.107646833994774,2.0357822407481803,0.0,1.9610949063265166
513,76492,63045.62832623932,6.0694088805189805,2.073059550333121,0.7804142794707747,3.0137553762379934
514,43000,40663.25193914899,4.948240084364513,2.9347771300751218,1.1058643098707233,3.9592804625851397
515,48692,28560.79047333905,5.012961192395146,1.8751353453264252,2.1276136810834263,3.1850399163535292
516,27476,37451.2082079469,4.047364100664584,3.97914179115687,2.198865882035485,2.1717030863401763
517,15086,30897.03562510802,6.98690906111357,4.039115615013279,0.0,3.0829254097494645
518,43034,59301.03763357397,3.973280258501029,1.9401360755160246,1.8577091432410344,3.1236689944618243
519,99131,36824.40080869987,7.199730483121014,3.9292707020426048,0.0,1.845902515823623
520,13140,60596.999378845685,7.0504999577947425,1.8424830423561038,0.04446853976676306,0.015700366061961627
521,99437,42107.75180058393,5.9531950458217375,4.106160373236715,0.0,4.014266212128335
522,91242,68773.48885618342,3.938836372540321,2.9720435660329114,1.9030421803350077,1.9330565566854692
523,39285,37418.35372731602,6.995652420896536,4.9518822077194145,0.0,0.08110980743422727
524,63710,70132.80851667521,6.180805960215268,3.156026739745821,0.05992501348355479,1.9719206660045796
525,90860,56524.86476915458,6.899315008825567,3.078142449695462,2.0751460009039904,3.9963978837737058
526,35585,72016.77603644841,5.066598350108111,3.873507889375961,1.1540121475188811,0.07575725368037783
527,58708,28922.913896836722,3.988593849336481,2.1582388867228754,1.9787923520697501,2.9435743499987033
528,57451,40011.8028577445,5.004026924022655,1.7230416071325556,1.1259180224843033,3.0437809485671177
529,69868,35052.464623429296,4.0823094456953015,3.011395454854241,0.0,1.0307624952285463
530,43679,33758.44850019061,6.0576589361275355,3.195380295188009,2.144882210023603,4.127328361933942
531,30256,37329.65730607108,4.070997614326175,2.9555597114154963,0.0,0.1506910797403288
532,26334,32997.73149808529,4.000668674081725,3.143058639474993,1.9383327567453668,1.9499217147751264
533,47848,46003.727202535454,3.879226406397024,2.9640988203564045,1.872060141967954,1.8148505402353419
534,17377,38061.60566237702,6.019817568901665,2.89415801778516,0.001850415567372853,2.8374282924625693
535,39644,56704.47487248489,5.9509913565044465,3.915756761142709,0.21764575358417054,3.0544763271378925
536,29176,28039.955945876005,3.8929013625182236,5.02943439121258,1.2595861055598228,2.941242179301146
537,55706,47862.18651142029,4.112058375771187,4.024191892026293,1.1320391008435622,0.062135042008497544
538,51771,68445.97953643296,6.856927418840012,2.823833674583408,0.7581156596813976,3.9464200236146207
539,83585,73984.4381388679,7.10472001765807,4.067352982452411,1.0627862496137652,2.9502640946501857
540,51867,68173.72078894406,3.979700413072862,4.002536997096356,1.0840030460302785,0.0
541,68040,46980.15052900014,7.028730672043369,1.9255208927637952,0.0,3.2095600682056338
542,50706,59552.17317971848,6.903305713736077,5.045784544444599,1.9499651501494368,2.0483431980219517
543,75417,48754.18067418207,5.19774735859249,4.949339506706256,0.778581566877923,1.9937950602137362
544,34775,60412.53147805428,5.064824892396088,1.9053937267767256,0.8793255485883603,0.07124333075047139
545,85645,54668.22497884062,5.850034762430285,2.8867075342378685,0.7756738989525288,2.3954800908214002
546,83545,29874.93552828672,7.029024115457788,5.040347741763024,0.0,4.086283020832022
547,44157,67204.6267391909,7.122967122384263,2.068039425556848,1.140518393366708,3.99482773556998
548,38125,25405.268322780405,3.982319713210658,4.921967223809375,2.2106459765760347,3.9979557447140617
549,75398,56499.95906957919,4.11980147307341,3.0782970214419247,0.0,4.1355754997716705
550,90999,40083.01261650988,7.078500883629915,4.985345775020594,1.7314317680355407,2.93622991959603
551,70376,62323.78245183097,6.936219964960432,4.908595120597679,1.8818731890286629,3.131235391402064
552,33295,39074.61472991841,7.078215418727091,1.8863644479620127,1.3126591298309789,0.8170984068219703
553,80942,63907.67135080497,6.984106375093714,2.9351022283349892,2.058117378495363,1.1654006678943176
554,26493,40570.046737786666,7.08736841992136,3.972253488872438,1.117793196870249,2.991953239756339
555,97850,37030.26118127156,4.980366097097525,1.9478804999584984,2.0806243840650467,0.07355854244622459
556,43841,52092.4918492494,3.9862179633183694,4.960464399353763,0.0,3.981621172422566
557,79885,62245.220025208146,3.891105270408277,5.154232399965501,0.0,4.002529265852466
558,59316,63426.590936460816,6.832994121056526,4.076614774185885,1.0064587132408997,3.948271094702229
559,83466,38268.98720912369,5.82172901869946,5.001073850796392,0.9454868715224165,2.0191723760569946
560,81510,43260.448853129536,7.037321697031367,5.177527187463858,2.1746738833860952,2.8322531799723634
561,35268,45593.154389682495,5.950394495222071,2.9358189420735448,0.9487622221740637,0.14457728559424704
562,11734,24716.97433577723,7.047061457256108,5.072649570795235,0.21193092978782496,2.213131266914865
563,88411,59468.59645550533,7.003013236881502,3.1861974075603525,0.19120168415912062,0.8972030890619295
564,96269,70493.577346598,5.065878267811691,3.872443477868676,1.1709657725110503,0.04578392541303086
565,87683,35913.842834161725,6.919314191123304,4.02519511343544,0.21384373694696726,0.2556805618888973
566,26063,69232.03868019661,5.981572640177875,4.952511368510934,0.0,0.8806460118120893
567,42479,36435.41015968278,6.045816779646415,5.029332564052618,0.0,0.9558419947432442
568,58116,29563.63396466922,6.948175080768937,3.0196905834894094,1.100217578897281,0.9965876703476066
569,67282,56067.49185835072,6.057200863348147,4.938781607915452,0.8160191361708647,0.026372329015017185
570,84888,67676.683986807,5.863621580602798,3.962130110740094,0.8082070011505806,0.09135846736018499
571,75366,64202.69400842878,4.185883535842326,2.030618385367609,0.933739852333749,1.1279298612770987
572,14377,36198.41700077326,6.930803772290222,2.0708271290181517,0.0,3.9670866089431427
573,59074,70129.84181946047,7.01492216450913,4.011559935879523,0.0,2.137061680937563
574,96534,65561.48619201093,7.011027088365722,1.9692199024759462,2.1473601369615327,2.8927893773954234
575,31870,66395.6557037283,3.8295124216681877,2.9069255986025757,2.1143920159689875,0.06855985022039879
576,24748,70814.0226698171,4.935999994053576,2.9012241864755506,0.0,4.381051299215833
577,68920,29713.094328891922,5.9266729017330775,3.0242389882627365,0.9491786583291137,1.0432689713042709
578,67637,44438.44749501709,5.05289992130209,2.8849296830710713,0.0,4.018020082854171
579,60839,40299.24149027148,7.00147987173852,4.909605514130731,0.08470354564504141,2.961576248032515
580,59170,63227.745351471494,4.298155563879127,2.8515948670492914,0.01285944878498319,0.40250927888712684
581,90586,51237.32379990454,3.9870428227737222,5.144804243383408,2.1681072582399885,1.0752768988990493
582,56270,26021.081935172126,6.015151665751242,5.004677313731129,1.1522077343756636,3.763207109592231
583,87670,67193.44846410904,5.870495219609247,4.814327613498229,1.0044494197425002,0.0
584,47703,50168.9517468463,6.051344981207555,1.9298376028258062,0.0,0.0
585,35421,32848.59039594638,6.145023869459836,4.145261430901448,1.0052867242591879,2.808243032234934
586,58511,38995.0330661081,7.140113029117856,4.008337156691875,0.006380987165922281,4.054364440257278
587,76398,29032.308104936907,6.953105500810422,2.953175268627586,0.24858795871674713,2.002559563594829
588,93310,70801.92139730949,3.836696717852853,2.806270338660447,0.0,4.081068809991469
589,36836,53007.57907660305,3.954134040173856,3.0152906419969043,0.9517730267327439,0.0697330948361363
590,46373,30442.038887740982,3.6909418025212757,4.961831559790702,0.15412018626999924,1.9854266890746988
591,94700,37404.60179474315,6.071964851888663,2.017485184771373,1.9309755385907712,2.8722753510013126
592,67860,67805.43139606228,5.218286475980669,2.1125543042643886,0.8263596270433425,3.9584593753587813
593,99473,53974.75465214537,5.146791877557958,3.9387024821815713,1.8513829385082199,0.9891105949812102
594,68862,66545.92379595859,4.108648834490285,5.048893768919353,1.048196257295408,1.1757250061207478
595,93381,61658.58667740141,3.9448189807191483,1.9376324120608595,1.2566511600868453,4.105185328535924
596,46548,42788.98220727289,7.045367214283049,3.978975526653461,1.8818335219931437,2.183505421983915
597,74083,39344.697634559656,6.137149282929333,4.021446624865027,1.8080379229707615,0.0
598,48660,41376.43920173099,6.993600759209172,4.83419698461188,2.001925067485167,1.0903454645139141
599,13720,66674.22040887953,4.7983430108788365,4.083075905102605,0.8937253123887321,2.164534149967675
600,72339,61994.043882972874,5.937540035186812,1.9489526055051063,1.7849664347179233,0.0
601,99284,67824.72081158005,6.9333344169058595,5.068205959929221,0.0,0.0
602,47198,32764.65383229303,5.080778775567258,4.007994643647417,0.0,2.0804146472644653
603,67415,35096.46553140117,6.982849209067931,4.229463256496531,0.0010127466584207202,1.0274624753927006
604,44403,61950.248385868574,6.203532833751108,3.126002906401559,2.167159281353127,2.9345792821988033
605,58276,25613.844663933436,6.940547624346258,2.9570751396490147,0.0,2.2317851387368224
606,85234,34084.82395985443,5.151675756807643,2.205378018138584,2.297208353685565,3.032884242405275
607,31948,63795.12867556108,5.148886843632809,3.000024700453005,1.0885255621305578,3.0982484046773653
608,90191,33170.83984574722,6.26101031755908,2.9126811683136142,0.9098700113370429,0.0
609,49341,46558.568671855275,4.096589975590732,3.932340777814171,0.8148948450135043,0.0
610,11562,40901.57614900496,3.8707838448845315,2.9123375287627886,1.9073021455982588,0.06348520704498718
611,16253,38531.447044897664,7.028700163689525,1.9652509836504244,1.1636061852908632,0.1476488911790283
612,80623,47533.13515952125,7.014130938898794,4.093186285255275,0.7230315257087813,2.942042872218099
613,94391,158381.7814563927,8.951338128575511,1.003406683966818,14.187350759336637,0.9965785241848689
614,50598,92740.36052641914,9.007788112856089,0.8701352989191525,11.04299815560593,0.0
615,40019,160747.11705276326,7.985941238008477,1.1279533172334706,7.09682217034941,0.9499692439691102
616,77910,130248.3566110862,9.062599807525114,0.9820838298834763,10.014879976629613,1.086715406226629
617,89832,96258.22395160659,10.032557084945712,1.0962130228777724,10.929295603162767,1.5034632306232352
618,98216,134742.39959552107,7.840454133915009,0.1304662646226115,12.963595999323438,0.0
619,54495,118315.85396907291,6.944048836035009,0.0,12.79436953431486,1.8732951442884973
620,47650,157745.25644151474,6.9980297522749915,0.1457747738615348,13.144286555801626,0.11333208540178666
621,32107,108560.42167468596,10.038251756335438,0.012731017921118373,14.860116230404694,0.9037618575946621
622,84192,164487.8453839502,8.92074419043325,1.1245925532282652,11.907921589504939,2.1615703619687725
623,53916,176287.5160618389,9.664328397708319,1.0278366048825283,14.884976074697798,1.9775888108137825
624,32584,166510.76936270169,9.93433250184065,0.02266376658858862,7.2095157288086105,0.029247471912715987
625,97285,178133.8291130555,6.956107731761587,0.0,10.738834779256473,0.1185901994598002
626,20337,89888.9512223736,7.96117916423789,0.9206869463304488,5.986599663388225,0.9565045405536146
627,15585,157597.988823644,9.127573388725104,1.1376368941705555,10.009259342464706,2.1013396512553433
628,20620,147490.05324020065,10.102943578354463,0.03658692100962701,12.225248643941194,1.0425731738152846
629,75009,84827.55854886798,9.102872100001743,1.004324358708783,14.935413159396798,0.08059906979195045
630,76203,155319.07402233948,7.940502017492692,0.0,7.072943596794686,2.0001997566237555
631,33837,202492.72394185635,9.99288024010069,0.06916567565896238,12.782663913475698,0.0
632,14916,194514.87281261047,7.933261295052596,0.004079350144318483,14.801134856219152,0.0
633,97935,188264.1038764564,7.001059547847136,0.9274533399252779,6.911867956412877,0.0
634,16180,163956.80592049388,7.0718223865648335,0.9335985630468056,10.031857933279046,1.0925251456188634
635,49493,109088.00464104922,7.988816113749094,0.0,7.955914153052831,1.0535759930360145
636,70974,114356.505636349,9.951415220317383,1.109668603403334,6.949030042033727,1.8385960911289256
637,40217,129490.23100543972,9.978675467806294,0.9949286954341133,7.790331940523636,0.057340693793832324
638,88442,171887.58054878566,9.138249316700623,0.9490725825793498,11.020376317993557,0.0
639,17538,153629.6814758594,8.078971656092968,1.0330378217443708,6.969819375150749,1.1085874965446725
640,90839,183761.2948138609,6.927712540541486,1.0517503734619498,15.193481374140848,1.969131926672795
641,99843,119478.13768064756,7.846690742934798,1.0666259837792609,14.85533131182363,1.88626760836957
642,27212,145216.9214091901,10.149771676429477,0.1028257618887982,10.017699755256851,2.157555661347184
643,91575,94164.3539634016,9.790025988462263,1.0827612340787007,9.244041345830233,2.07210166771725
644,60190,96108.8901539278,9.190261106666103,0.10020903690026174,7.889267359722046,2.096041827833938
645,18519,125973.1195005074,9.865521276401768,1.0182465299093182,14.89779731403956,1.197499337485935
646,48762,173987.88901052615,10.152464777518547,0.0,15.28956899684223,0.14809949355881927
647,58392,184079.75140871567,7.005309749585138,0.023050525654140484,7.551458157919322,1.1086485289269117
648,79953,181203.47590759755,9.014742923056012,0.0,8.973480680439867,2.162857030984827
649,13315,113377.59675766867,8.110882000186749,0.8388556915389985,6.921494553564448,0.0
650,30570,110472.78175422187,9.888635429632071,0.8559976174098061,8.04077609101661,1.0449900262369451
651,78996,197046.18689871673,9.934834099408848,0.9768757255424,12.214561824989687,2.173719281778334
652,78404,133673.37044310578,9.127981118172007,0.8509596269203381,12.084409750609746,1.9097423954874662
653,28525,154388.75648110334,8.033968326017195,1.0870107428269578,8.198498273116252,0.0
654,51826,95384.94774737491,10.196869996635735,0.038720788715266866,14.95001447174484,0.9412583676916229
655,65750,172592.44826915307,10.210265993522933,1.028681316724593,8.90477559729427,1.1090267287528108
656,51108,96549.08798183315,10.034381658521903,1.0365047004695207,9.799009564346271,0.11150076155668222
657,60732,83069.40927851864,9.823455724680716,0.9694051663541,12.926696366531493,1.7687518057360039
658,53834,147144.71767568207,7.971707572258605,1.04033806149499,9.19552630926002,1.2832387444787174
659,80655,172531.68895781608,9.83602937340579,1.0109042444565004,14.766836318897216,0.0
660,80150,164739.1920086358,8.924436595552336,0.08282400057969712,12.117234415413705,2.166592797761329
